{"images":[{"id":103,"file":"nebula-4k-teal-turquoise-wallpaper-preview.jpg","time":177000147352},{"id":189,"file":"christmas-winter-4k-wallpaper-preview.jpg","time":177535627381},{"id":234,"file":"be1cbcc9-ecec-4468-9dc0-a6f5c83b59d0.jpg","time":1714990742872}],"records":[{"id":5,"file":"73669730-1b75-4d5c-9e14-dea174f8e107.mp3","start_time":1720136590681},{"id":3,"file":"73669730-1b75-4d5c-9e14-dea174f8e105.mp3","start_time":1720846590681},{"id":1,"file":"73669730-1b75-4d5c-9e14-dea174f8e103.mp3","start_time":1720846570681}],"contacts":[{"time_modified":1718442824696,"name":"Contact 3","numbers":["+842000003"],"id":3},{"time_modified":1718442824696,"name":"Contact 1","numbers":["+772000001"],"id":1},{"time_modified":1718442824696,"name":"Contact 4","numbers":["+942000004"],"id":4}],"gps_info":[{"id":4,"acc":20,"lat":36.884804,"lon":30.704044,"time":"172011098154"},{"id":3,"acc":20,"lat":38.630554,"lon":27.422222,"time":"172011262154"},{"id":2,"acc":20,"lat":35.825607813,"lon":14.467492103576,"time":"172014262154"}]}